ts_utc,ts_brt,hora_brt,dia_semana_brt,origem,destino,data_ida,data_volta,tipo,rank,preco_total_brl,bagagem_brl,bagagem_fonte,custo_total_brl,cia,voos_ida,voos_volta,via_ida,via_volta,partida_ida,chegada_ida,partida_volta,chegada_volta,conexoes_ida,conexoes_volta,duracao_ida,duracao_volta,dentro_teto
2026-08-18 18:58,2026-08-18 15:58,15,Tue,GRU,MCO,2026-09-23,2026-09-29,RT,1,6225.0,3540.0,api,9765.0,AV,"AV86,AV118","AV119,AV249",BOG,BOG,07:35,21:20,23:40,22:30+1,1,1,605,615,
2026-08-18 18:58,2026-08-18 15:58,15,Tue,GRU,MCO,2026-09-23,2026-09-29,RT,2,6786.0,3540.0,api-cache,10326.0,AV,"AV86,AV118","AV29,AV85",BOG,BOG,07:35,21:20,15:10,05:25+1,1,1,605,585,
2026-08-18 18:58,2026-08-18 15:58,15,Tue,GRU,MCO,2026-09-23,2026-09-29,RT,3,6786.0,3540.0,api-cache,10326.0,AV,"AV86,AV118","AV119,AV199",BOG,BOG,07:35,21:20,23:40,16:05+1,1,1,605,610,
2026-08-18 18:58,2026-08-18 15:58,15,Tue,GRU,MCO,2026-09-23,2026-09-29,RT,4,7150.0,3540.0,api-cache,10690.0,AV,"AV86,AV118","AV219,AV85",BOG,BOG,07:35,21:20,16:25,05:25+1,1,1,605,580,
2026-08-18 18:58,2026-08-18 15:58,15,Tue,GRU,MCO,2026-09-23,2026-09-29,RT,5,35956.0,0.0,api,35956.0,"AV,UA","AV86,AV118","UA1626,UA149",BOG,EWR,07:35,21:20,12:55,07:10+1,1,1,605,742,
2026-08-18 18:58,2026-08-18 15:58,15,Tue,GRU,TPA,2026-09-23,2026-09-29,RT,1,5106.0,1520,estimativa,6626.0,CM,"CM744,CM781","CM394,CM810",PTY,PTY,05:00,23:05,15:27,03:35+1,1,1,621,605,
2026-08-18 18:58,2026-08-18 15:58,15,Tue,GRU,TPA,2026-09-23,2026-09-29,RT,2,28411.0,0.0,api,28411.0,"CM,UA","CM744,CM781","UA1117,UA149",PTY,EWR,05:00,23:05,16:00,07:10+1,1,1,621,755,
2026-08-18 18:58,2026-08-18 15:58,15,Tue,GRU,TPA,2026-09-23,2026-09-29,RT,3,28557.0,0.0,api-cache,28557.0,"CM,UA","CM744,CM781","UA1370,UA861",PTY,IAD,05:00,23:05,18:47,09:30+1,1,1,621,731,
2026-08-18 18:58,2026-08-18 15:58,15,Tue,GRU,TPA,2026-09-23,2026-09-29,RT,4,35594.0,0.0,api,35594.0,"AV,CM","CM744,CM781","AV195,AV85",PTY,BOG,05:00,23:05,15:45,05:25+1,1,1,621,580,
2026-08-18 18:58,2026-08-18 15:58,15,Tue,VCP,MCO,2026-09-23,2026-09-29,RT,1,13891.0,0.0,isenta,13891.0,AD,AD8706,"AD8731,AD4328",,CNF,09:55,18:00,22:30,11:10+1,0,1,545,590,
2026-08-18 18:58,2026-08-18 15:58,15,Tue,VCP,MCO,2026-09-23,2026-09-29,RT,2,18258.0,0.0,isenta,18258.0,AD,AD8706,AD8707,,,09:55,18:00,20:00,06:00+1,0,0,545,540,
2026-08-18 20:29,2026-08-18 17:29,17,Tue,GRU,MCO,2026-09-23,2026-09-29,RT,1,6225.0,3540.0,api,9765.0,AV,"AV86,AV118","AV119,AV249",BOG,BOG,07:35,21:20,23:40,22:30+1,1,1,605,615,
2026-08-18 20:29,2026-08-18 17:29,17,Tue,GRU,MCO,2026-09-23,2026-09-29,RT,2,6699.0,2916.0,api,9615.0,AA,"AA930,AA1693","AA1635,AA929",MIA,MIA,21:25,08:00+1,15:49,05:55+1,1,1,580,574,
2026-08-18 20:29,2026-08-18 17:29,17,Tue,GRU,MCO,2026-09-23,2026-09-29,RT,3,6699.0,2916.0,api-cache,9615.0,AA,"AA930,AA1693","AA1610,AA995",MIA,MIA,21:25,08:00+1,19:26,08:20+1,1,1,580,578,
2026-08-18 20:29,2026-08-18 17:29,17,Tue,GRU,MCO,2026-09-23,2026-09-29,RT,4,6786.0,3540.0,api-cache,10326.0,AV,"AV86,AV118","AV29,AV85",BOG,BOG,07:35,21:20,15:10,05:25+1,1,1,605,585,
2026-08-18 20:29,2026-08-18 17:29,17,Tue,GRU,MCO,2026-09-23,2026-09-29,RT,5,6786.0,3540.0,api-cache,10326.0,AV,"AV86,AV118","AV119,AV199",BOG,BOG,07:35,21:20,23:40,16:05+1,1,1,605,610,
2026-08-18 20:29,2026-08-18 17:29,17,Tue,VCP,MCO,2026-09-23,2026-09-29,RT,1,13891.0,0.0,isenta,13891.0,AD,AD8706,"AD8731,AD4328",,CNF,09:55,18:00,22:30,11:10+1,0,1,545,590,
2026-08-18 20:29,2026-08-18 17:29,17,Tue,VCP,MCO,2026-09-23,2026-09-29,RT,2,18258.0,0.0,isenta,18258.0,AD,AD8706,AD8707,,,09:55,18:00,20:00,06:00+1,0,0,545,540,
2026-08-18 20:45,2026-08-18 17:45,17,Tue,GRU,MCO,2026-09-23,2026-09-29,RT,1,6699.0,2916.0,api,9615.0,AA,"AA930,AA1693","AA1635,AA929",MIA,MIA,21:25,08:00+1,15:49,05:55+1,1,1,580,574,
2026-08-18 20:45,2026-08-18 17:45,17,Tue,GRU,MCO,2026-09-23,2026-09-29,RT,2,6699.0,2916.0,api-cache,9615.0,AA,"AA930,AA1693","AA1610,AA995",MIA,MIA,21:25,08:00+1,19:26,08:20+1,1,1,580,578,
2026-08-18 20:45,2026-08-18 17:45,17,Tue,GRU,MCO,2026-09-23,2026-09-29,RT,3,6225.0,3540.0,api,9765.0,AV,"AV86,AV118","AV119,AV249",BOG,BOG,07:35,21:20,23:40,22:30+1,1,1,605,615,
2026-08-18 20:45,2026-08-18 17:45,17,Tue,GRU,MCO,2026-09-23,2026-09-29,RT,4,6786.0,3540.0,api-cache,10326.0,AV,"AV86,AV118","AV29,AV85",BOG,BOG,07:35,21:20,15:10,05:25+1,1,1,605,585,
2026-08-18 20:45,2026-08-18 17:45,17,Tue,GRU,MCO,2026-09-23,2026-09-29,RT,5,6786.0,3540.0,api-cache,10326.0,AV,"AV86,AV118","AV119,AV199",BOG,BOG,07:35,21:20,23:40,16:05+1,1,1,605,610,
2026-08-18 20:45,2026-08-18 17:45,17,Tue,VCP,MCO,2026-09-23,2026-09-29,RT,1,13891.0,0.0,isenta,13891.0,AD,AD8706,"AD8731,AD4328",,CNF,09:55,18:00,22:30,11:10+1,0,1,545,590,
2026-08-18 20:45,2026-08-18 17:45,17,Tue,VCP,MCO,2026-09-23,2026-09-29,RT,2,18258.0,0.0,isenta,18258.0,AD,AD8706,AD8707,,,09:55,18:00,20:00,06:00+1,0,0,545,540,
2026-08-18 20:59,2026-08-18 17:59,17,Tue,GRU,MCO,2026-09-23,2026-09-29,RT,1,6225.0,1770.0,api-cache,7995.0,AV,"AV86,AV118","AV119,AV249",BOG,BOG,07:35,21:20,23:40,22:30+1,1,1,605,615,
2026-08-18 20:59,2026-08-18 17:59,17,Tue,GRU,MCO,2026-09-23,2026-09-29,RT,2,6699.0,1458.0,api-cache,8157.0,AA,"AA930,AA1693","AA1635,AA929",MIA,MIA,21:25,08:00+1,15:49,05:55+1,1,1,580,574,
2026-08-18 20:59,2026-08-18 17:59,17,Tue,GRU,MCO,2026-09-23,2026-09-29,RT,3,6699.0,1458.0,api-cache,8157.0,AA,"AA930,AA1693","AA1610,AA995",MIA,MIA,21:25,08:00+1,19:26,08:20+1,1,1,580,578,
2026-08-18 20:59,2026-08-18 17:59,17,Tue,GRU,MCO,2026-09-23,2026-09-29,RT,4,6786.0,1770.0,api-cache,8556.0,AV,"AV86,AV118","AV29,AV85",BOG,BOG,07:35,21:20,15:10,05:25+1,1,1,605,585,
2026-08-18 20:59,2026-08-18 17:59,17,Tue,GRU,MCO,2026-09-23,2026-09-29,RT,5,6786.0,1770.0,api-cache,8556.0,AV,"AV86,AV118","AV119,AV199",BOG,BOG,07:35,21:20,23:40,16:05+1,1,1,605,610,
2026-08-18 20:59,2026-08-18 17:59,17,Tue,VCP,MCO,2026-09-23,2026-09-29,RT,1,13891.0,0.0,isenta,13891.0,AD,AD8706,"AD8731,AD4328",,CNF,09:55,18:00,22:30,11:10+1,0,1,545,590,
2026-08-18 20:59,2026-08-18 17:59,17,Tue,VCP,MCO,2026-09-23,2026-09-29,RT,2,18258.0,0.0,isenta,18258.0,AD,AD8706,AD8707,,,09:55,18:00,20:00,06:00+1,0,0,545,540,
2026-08-19 13:01,2026-08-19 10:01,10,Wed,GRU,MCO,2026-09-23,2026-09-29,RT,1,6228.0,1770.0,api-cache,7998.0,AV,"AV86,AV118","AV119,AV249",BOG,BOG,07:35,21:20,23:40,22:30+1,1,1,605,615,
2026-08-19 13:01,2026-08-19 10:01,10,Wed,GRU,MCO,2026-09-23,2026-09-29,RT,2,6536.0,1874.0,api,8410.0,UA,"UA844,UA617","UA1997,UA861",ORD,IAD,22:20,23:54+1,19:21,09:30+1,1,1,802,724,
2026-08-19 13:01,2026-08-19 10:01,10,Wed,GRU,MCO,2026-09-23,2026-09-29,RT,3,6790.0,1770.0,api-cache,8560.0,AV,"AV86,AV118","AV29,AV85",BOG,BOG,07:35,21:20,15:10,05:25+1,1,1,605,585,
2026-08-19 13:01,2026-08-19 10:01,10,Wed,GRU,MCO,2026-09-23,2026-09-29,RT,4,6790.0,1770.0,api-cache,8560.0,AV,"AV86,AV118","AV119,AV199",BOG,BOG,07:35,21:20,23:40,16:05+1,1,1,605,610,
2026-08-19 13:01,2026-08-19 10:01,10,Wed,GRU,MCO,2026-09-23,2026-09-29,RT,5,7154.0,1770.0,api-cache,8924.0,AV,"AV86,AV118","AV219,AV85",BOG,BOG,07:35,21:20,16:25,05:25+1,1,1,605,580,
2026-08-19 13:01,2026-08-19 10:01,10,Wed,VCP,MCO,2026-09-23,2026-09-29,RT,1,13899.0,0.0,isenta,13899.0,AD,AD8706,"AD8731,AD4328",,CNF,09:55,18:00,22:30,11:10+1,0,1,545,590,
2026-08-19 13:01,2026-08-19 10:01,10,Wed,VCP,MCO,2026-09-23,2026-09-29,RT,2,18268.0,0.0,isenta,18268.0,AD,AD8706,AD8707,,,09:55,18:00,20:00,06:00+1,0,0,545,540,
2026-08-19 13:01,2026-08-19 10:01,10,Wed,GRU,TPA,2026-09-23,2026-09-29,RT,1,5109.0,1520,estimativa,6629.0,CM,"CM744,CM781","CM394,CM810",PTY,PTY,05:00,23:05,15:27,03:35+1,1,1,621,605,
2026-08-20 13:03,2026-08-20 10:03,10,Thu,GRU,MCO,2026-09-23,2026-09-29,RT,1,5856.0,932.0,api,6788.0,"AV,UA","UA844,UA617","AV119,AV249",ORD,BOG,22:20,23:54+1,23:40,22:30+1,1,1,802,615,
2026-08-20 13:03,2026-08-20 10:03,10,Thu,GRU,MCO,2026-09-23,2026-09-29,RT,2,6016.0,1770.0,api-cache,7786.0,AV,"AV86,AV118","AV119,AV249",BOG,BOG,07:35,21:20,23:40,22:30+1,1,1,605,615,
2026-08-20 13:03,2026-08-20 10:03,10,Thu,GRU,MCO,2026-09-23,2026-09-29,RT,3,6278.0,1874.0,api-cache,8152.0,UA,"UA844,UA617","UA1997,UA861",ORD,IAD,22:20,23:54+1,19:21,09:30+1,1,1,802,724,
2026-08-20 13:03,2026-08-20 10:03,10,Thu,GRU,MCO,2026-09-23,2026-09-29,RT,4,6748.0,1770.0,api-cache,8518.0,AV,"AV86,AV118","AV29,AV85",BOG,BOG,07:35,21:20,15:10,05:25+1,1,1,605,585,
2026-08-20 13:03,2026-08-20 10:03,10,Thu,GRU,MCO,2026-09-23,2026-09-29,RT,5,6748.0,1770.0,api-cache,8518.0,AV,"AV86,AV118","AV119,AV199",BOG,BOG,07:35,21:20,23:40,16:05+1,1,1,605,610,
2026-08-20 13:03,2026-08-20 10:03,10,Thu,VCP,MCO,2026-09-23,2026-09-29,RT,1,13811.0,0.0,isenta,13811.0,AD,AD8706,"AD8731,AD4328",,CNF,09:55,18:00,22:30,11:10+1,0,1,545,590,
2026-08-20 13:03,2026-08-20 10:03,10,Thu,VCP,MCO,2026-09-23,2026-09-29,RT,2,18154.0,0.0,isenta,18154.0,AD,AD8706,AD8707,,,09:55,18:00,20:00,06:00+1,0,0,545,540,
2026-08-20 15:08,2026-08-20 12:08,12,Thu,GRU,MCO,2026-09-23,2026-09-29,RT,1,4036.0,760,estimativa,4796.0,CM,"CM841,CM446",,PTY,,02:00,12:45,,,1,,705,,True
2026-08-20 15:08,2026-08-20 12:08,12,Thu,GRU,MCO,2026-09-23,2026-09-29,RT,2,4149.0,760,estimativa,4909.0,CM,"CM700,CM285",,PTY,,11:10,22:40,,,1,,750,,True
2026-08-20 15:08,2026-08-20 12:08,12,Thu,GRU,MCO,2026-09-23,2026-09-29,RT,3,4540.0,760,estimativa,5300.0,AV,"AV160,AV28",,BOG,,02:20,13:35,,,1,,735,,True
2026-08-20 15:08,2026-08-20 12:08,12,Thu,GRU,MCO,2026-09-23,2026-09-29,RT,4,4873.0,760,estimativa,5633.0,CM,"CM702,CM867",,PTY,,03:15,13:44,,,1,,689,,True
2026-08-20 15:08,2026-08-20 12:08,12,Thu,GRU,MCO,2026-09-23,2026-09-29,RT,5,7126.0,760,estimativa,7886.0,LA,LA8126,,,,08:20,16:20,,,0,,540,,True
2026-08-20 15:08,2026-08-20 12:08,12,Thu,GRU,TPA,2026-09-23,2026-09-29,RT,1,2701.0,760,estimativa,3461.0,CM,"CM702,CM393",,PTY,,03:15,13:35,,,1,,680,,True
2026-08-20 15:08,2026-08-20 12:08,12,Thu,GRU,TPA,2026-09-23,2026-09-29,RT,2,2701.0,760,estimativa,3461.0,CM,"CM700,CM781",,PTY,,11:10,23:05,,,1,,775,,True
2026-08-20 15:08,2026-08-20 12:08,12,Thu,GRU,TPA,2026-09-23,2026-09-29,RT,3,3470.0,724.0,api,4194.0,AA,"AA906,AA1977",,MIA,,23:15,09:24+1,,,1,,669,,True
2026-08-20 15:08,2026-08-20 12:08,12,Thu,GRU,TPA,2026-09-23,2026-09-29,RT,4,4933.0,880.0,api-faixa,5813.0,AV,"AV160,AV194",,BOG,,02:20,14:20,,,1,,780,,True
2026-08-20 15:08,2026-08-20 12:08,12,Thu,VCP,MCO,2026-09-23,2026-09-29,RT,1,5799.0,0.0,isenta,5799.0,AD,AD8706,,,,09:55,18:00,,,0,,545,,True
2026-08-20 15:36,2026-08-20 12:36,12,Thu,GRU,MCO,2026-09-23,2026-09-29,RT,1,4036.0,760,estimativa,4796.0,CM,"CM841,CM446",,PTY,,02:00,12:45,,,1,,705,,True
2026-08-20 15:36,2026-08-20 12:36,12,Thu,GRU,MCO,2026-09-23,2026-09-29,RT,2,4149.0,760,estimativa,4909.0,CM,"CM700,CM285",,PTY,,11:10,22:40,,,1,,750,,True
2026-08-20 15:36,2026-08-20 12:36,12,Thu,GRU,MCO,2026-09-23,2026-09-29,RT,3,4540.0,760,estimativa,5300.0,AV,"AV160,AV28",,BOG,,02:20,13:35,,,1,,735,,True
2026-08-20 15:36,2026-08-20 12:36,12,Thu,GRU,MCO,2026-09-23,2026-09-29,RT,4,4873.0,760,estimativa,5633.0,CM,"CM702,CM867",,PTY,,03:15,13:44,,,1,,689,,True
2026-08-20 15:36,2026-08-20 12:36,12,Thu,GRU,MCO,2026-09-23,2026-09-29,RT,5,7126.0,760,estimativa,7886.0,LA,LA8126,,,,08:20,16:20,,,0,,540,,True
2026-08-20 15:36,2026-08-20 12:36,12,Thu,GRU,TPA,2026-09-23,2026-09-29,RT,1,2701.0,760,estimativa,3461.0,CM,"CM702,CM393",,PTY,,03:15,13:35,,,1,,680,,True
2026-08-20 15:36,2026-08-20 12:36,12,Thu,GRU,TPA,2026-09-23,2026-09-29,RT,2,2701.0,760,estimativa,3461.0,CM,"CM700,CM781",,PTY,,11:10,23:05,,,1,,775,,True
2026-08-20 15:36,2026-08-20 12:36,12,Thu,GRU,TPA,2026-09-23,2026-09-29,RT,3,3470.0,724.0,api-cache,4194.0,AA,"AA906,AA1977",,MIA,,23:15,09:24+1,,,1,,669,,True
2026-08-20 15:36,2026-08-20 12:36,12,Thu,GRU,TPA,2026-09-23,2026-09-29,RT,4,4933.0,880.0,api-cache-faixa,5813.0,AV,"AV160,AV194",,BOG,,02:20,14:20,,,1,,780,,True
2026-08-20 15:36,2026-08-20 12:36,12,Thu,VCP,MCO,2026-09-23,2026-09-29,RT,1,5799.0,0.0,isenta,5799.0,AD,AD8706,,,,09:55,18:00,,,0,,545,,True
2026-08-20 16:37,2026-08-20 13:37,13,Thu,GRU,MCO,2026-09-23,2026-09-29,RT,1,4036.0,760,estimativa,4796.0,CM,"CM841,CM446",,PTY,,02:00,12:45,,,1,,705,,True
2026-08-20 16:37,2026-08-20 13:37,13,Thu,GRU,MCO,2026-09-23,2026-09-29,RT,2,4149.0,760,estimativa,4909.0,CM,"CM700,CM285",,PTY,,11:10,22:40,,,1,,750,,True
2026-08-20 16:37,2026-08-20 13:37,13,Thu,GRU,MCO,2026-09-23,2026-09-29,RT,3,4540.0,760,estimativa,5300.0,AV,"AV160,AV28",,BOG,,02:20,13:35,,,1,,735,,True
2026-08-20 16:37,2026-08-20 13:37,13,Thu,GRU,MCO,2026-09-23,2026-09-29,RT,4,4873.0,760,estimativa,5633.0,CM,"CM702,CM867",,PTY,,03:15,13:44,,,1,,689,,True
2026-08-20 16:37,2026-08-20 13:37,13,Thu,GRU,MCO,2026-09-23,2026-09-29,RT,5,7126.0,760,estimativa,7886.0,LA,LA8126,,,,08:20,16:20,,,0,,540,,True
2026-08-20 16:37,2026-08-20 13:37,13,Thu,GRU,TPA,2026-09-23,2026-09-29,RT,1,2701.0,760,estimativa,3461.0,CM,"CM702,CM393",,PTY,,03:15,13:35,,,1,,680,,True
2026-08-20 16:37,2026-08-20 13:37,13,Thu,GRU,TPA,2026-09-23,2026-09-29,RT,2,2701.0,760,estimativa,3461.0,CM,"CM700,CM781",,PTY,,11:10,23:05,,,1,,775,,True
2026-08-20 16:37,2026-08-20 13:37,13,Thu,GRU,TPA,2026-09-23,2026-09-29,RT,3,3470.0,724.0,api-cache,4194.0,AA,"AA906,AA1977",,MIA,,23:15,09:24+1,,,1,,669,,True
2026-08-20 16:37,2026-08-20 13:37,13,Thu,GRU,TPA,2026-09-23,2026-09-29,RT,4,4933.0,880.0,api-cache-faixa,5813.0,AV,"AV160,AV194",,BOG,,02:20,14:20,,,1,,780,,True
2026-08-20 16:37,2026-08-20 13:37,13,Thu,VCP,MCO,2026-09-23,2026-09-29,RT,1,5799.0,0.0,isenta,5799.0,AD,AD8706,,,,09:55,18:00,,,0,,545,,True
2026-08-20 17:32,2026-08-20 14:32,14,Thu,GRU,MCO,2026-09-23,2026-09-29,RT,1,4036.0,760,estimativa,4796.0,CM,"CM841,CM446",,PTY,,02:00,12:45,,,1,,705,,True
2026-08-20 17:32,2026-08-20 14:32,14,Thu,GRU,MCO,2026-09-23,2026-09-29,RT,2,4149.0,760,estimativa,4909.0,CM,"CM700,CM285",,PTY,,11:10,22:40,,,1,,750,,True
2026-08-20 17:32,2026-08-20 14:32,14,Thu,GRU,MCO,2026-09-23,2026-09-29,RT,3,4540.0,760,estimativa,5300.0,AV,"AV160,AV28",,BOG,,02:20,13:35,,,1,,735,,True
2026-08-20 17:32,2026-08-20 14:32,14,Thu,GRU,MCO,2026-09-23,2026-09-29,RT,4,4873.0,760,estimativa,5633.0,CM,"CM702,CM867",,PTY,,03:15,13:44,,,1,,689,,True
2026-08-20 17:32,2026-08-20 14:32,14,Thu,GRU,MCO,2026-09-23,2026-09-29,RT,5,7126.0,760,estimativa,7886.0,LA,LA8126,,,,08:20,16:20,,,0,,540,,True
2026-08-20 17:32,2026-08-20 14:32,14,Thu,GRU,TPA,2026-09-23,2026-09-29,RT,1,2701.0,760,estimativa,3461.0,CM,"CM702,CM393",,PTY,,03:15,13:35,,,1,,680,,True
2026-08-20 17:32,2026-08-20 14:32,14,Thu,GRU,TPA,2026-09-23,2026-09-29,RT,2,2701.0,760,estimativa,3461.0,CM,"CM700,CM781",,PTY,,11:10,23:05,,,1,,775,,True
2026-08-20 17:32,2026-08-20 14:32,14,Thu,GRU,TPA,2026-09-23,2026-09-29,RT,3,3470.0,724.0,api-cache,4194.0,AA,"AA906,AA1977",,MIA,,23:15,09:24+1,,,1,,669,,True
2026-08-20 17:32,2026-08-20 14:32,14,Thu,GRU,TPA,2026-09-23,2026-09-29,RT,4,4933.0,880.0,api-cache-faixa,5813.0,AV,"AV160,AV194",,BOG,,02:20,14:20,,,1,,780,,True
2026-08-20 17:32,2026-08-20 14:32,14,Thu,VCP,MCO,2026-09-23,2026-09-29,RT,1,5799.0,0.0,isenta,5799.0,AD,AD8706,,,,09:55,18:00,,,0,,545,,True
2026-08-20 18:42,2026-08-20 15:42,15,Thu,GRU,MCO,2026-09-23,2026-09-29,RT,1,4036.0,760,estimativa,4796.0,CM,"CM841,CM446",,PTY,,02:00,12:45,,,1,,705,,True
2026-08-20 18:42,2026-08-20 15:42,15,Thu,GRU,MCO,2026-09-23,2026-09-29,RT,2,4149.0,760,estimativa,4909.0,CM,"CM700,CM285",,PTY,,11:10,22:40,,,1,,750,,True
2026-08-20 18:42,2026-08-20 15:42,15,Thu,GRU,MCO,2026-09-23,2026-09-29,RT,3,4540.0,760,estimativa,5300.0,AV,"AV160,AV28",,BOG,,02:20,13:35,,,1,,735,,True
2026-08-20 18:42,2026-08-20 15:42,15,Thu,GRU,MCO,2026-09-23,2026-09-29,RT,4,4873.0,760,estimativa,5633.0,CM,"CM702,CM867",,PTY,,03:15,13:44,,,1,,689,,True
2026-08-20 18:42,2026-08-20 15:42,15,Thu,GRU,MCO,2026-09-23,2026-09-29,RT,5,7126.0,760,estimativa,7886.0,LA,LA8126,,,,08:20,16:20,,,0,,540,,True
2026-08-20 18:42,2026-08-20 15:42,15,Thu,GRU,TPA,2026-09-23,2026-09-29,RT,1,2701.0,760,estimativa,3461.0,CM,"CM702,CM393",,PTY,,03:15,13:35,,,1,,680,,True
2026-08-20 18:42,2026-08-20 15:42,15,Thu,GRU,TPA,2026-09-23,2026-09-29,RT,2,2701.0,760,estimativa,3461.0,CM,"CM700,CM781",,PTY,,11:10,23:05,,,1,,775,,True
2026-08-20 18:42,2026-08-20 15:42,15,Thu,GRU,TPA,2026-09-23,2026-09-29,RT,3,3470.0,724.0,api-cache,4194.0,AA,"AA906,AA1977",,MIA,,23:15,09:24+1,,,1,,669,,True
2026-08-20 18:42,2026-08-20 15:42,15,Thu,GRU,TPA,2026-09-23,2026-09-29,RT,4,4933.0,880.0,api-cache-faixa,5813.0,AV,"AV160,AV194",,BOG,,02:20,14:20,,,1,,780,,True
2026-08-20 18:42,2026-08-20 15:42,15,Thu,VCP,MCO,2026-09-23,2026-09-29,RT,1,4990.0,0.0,isenta,4990.0,AD,AD8706,,,,09:55,18:00,,,0,,545,,True
2026-08-20 19:33,2026-08-20 16:33,16,Thu,GRU,MCO,2026-09-23,2026-09-29,RT,1,4036.0,760,estimativa,4796.0,CM,"CM841,CM446",,PTY,,02:00,12:45,,,1,,705,,True
2026-08-20 19:33,2026-08-20 16:33,16,Thu,GRU,MCO,2026-09-23,2026-09-29,RT,2,4149.0,760,estimativa,4909.0,CM,"CM700,CM285",,PTY,,11:10,22:40,,,1,,750,,True
2026-08-20 19:33,2026-08-20 16:33,16,Thu,GRU,MCO,2026-09-23,2026-09-29,RT,3,4540.0,760,estimativa,5300.0,AV,"AV160,AV28",,BOG,,02:20,13:35,,,1,,735,,True
2026-08-20 19:33,2026-08-20 16:33,16,Thu,GRU,MCO,2026-09-23,2026-09-29,RT,4,4873.0,760,estimativa,5633.0,CM,"CM702,CM867",,PTY,,03:15,13:44,,,1,,689,,True
2026-08-20 19:33,2026-08-20 16:33,16,Thu,GRU,MCO,2026-09-23,2026-09-29,RT,5,7126.0,760,estimativa,7886.0,LA,LA8126,,,,08:20,16:20,,,0,,540,,True
2026-08-20 19:33,2026-08-20 16:33,16,Thu,GRU,TPA,2026-09-23,2026-09-29,RT,1,2701.0,760,estimativa,3461.0,CM,"CM702,CM393",,PTY,,03:15,13:35,,,1,,680,,True
2026-08-20 19:33,2026-08-20 16:33,16,Thu,GRU,TPA,2026-09-23,2026-09-29,RT,2,2701.0,760,estimativa,3461.0,CM,"CM700,CM781",,PTY,,11:10,23:05,,,1,,775,,True
2026-08-20 19:33,2026-08-20 16:33,16,Thu,GRU,TPA,2026-09-23,2026-09-29,RT,3,3470.0,724.0,api-cache,4194.0,AA,"AA906,AA1977",,MIA,,23:15,09:24+1,,,1,,669,,True
2026-08-20 19:33,2026-08-20 16:33,16,Thu,GRU,TPA,2026-09-23,2026-09-29,RT,4,4933.0,880.0,api-cache-faixa,5813.0,AV,"AV160,AV194",,BOG,,02:20,14:20,,,1,,780,,True
2026-08-20 19:33,2026-08-20 16:33,16,Thu,VCP,MCO,2026-09-23,2026-09-29,RT,1,4990.0,0.0,isenta,4990.0,AD,AD8706,,,,09:55,18:00,,,0,,545,,True
2026-08-20 20:31,2026-08-20 17:31,17,Thu,GRU,MCO,2026-09-23,2026-09-29,RT,1,4036.0,760,estimativa,4796.0,CM,"CM841,CM446",,PTY,,02:00,12:45,,,1,,705,,True
2026-08-20 20:31,2026-08-20 17:31,17,Thu,GRU,MCO,2026-09-23,2026-09-29,RT,2,4149.0,760,estimativa,4909.0,CM,"CM700,CM285",,PTY,,11:10,22:40,,,1,,750,,True
2026-08-20 20:31,2026-08-20 17:31,17,Thu,GRU,MCO,2026-09-23,2026-09-29,RT,3,4540.0,760,estimativa,5300.0,AV,"AV160,AV28",,BOG,,02:20,13:35,,,1,,735,,True
2026-08-20 20:31,2026-08-20 17:31,17,Thu,GRU,MCO,2026-09-23,2026-09-29,RT,4,4873.0,760,estimativa,5633.0,CM,"CM702,CM867",,PTY,,03:15,13:44,,,1,,689,,True
2026-08-20 20:31,2026-08-20 17:31,17,Thu,GRU,MCO,2026-09-23,2026-09-29,RT,5,7126.0,760,estimativa,7886.0,LA,LA8126,,,,08:20,16:20,,,0,,540,,True
2026-08-20 20:31,2026-08-20 17:31,17,Thu,GRU,TPA,2026-09-23,2026-09-29,RT,1,2701.0,760,estimativa,3461.0,CM,"CM702,CM393",,PTY,,03:15,13:35,,,1,,680,,True
2026-08-20 20:31,2026-08-20 17:31,17,Thu,GRU,TPA,2026-09-23,2026-09-29,RT,2,2701.0,760,estimativa,3461.0,CM,"CM700,CM781",,PTY,,11:10,23:05,,,1,,775,,True
2026-08-20 20:31,2026-08-20 17:31,17,Thu,GRU,TPA,2026-09-23,2026-09-29,RT,3,3470.0,724.0,api-cache,4194.0,AA,"AA906,AA1977",,MIA,,23:15,09:24+1,,,1,,669,,True
2026-08-20 20:31,2026-08-20 17:31,17,Thu,GRU,TPA,2026-09-23,2026-09-29,RT,4,4933.0,880.0,api-cache-faixa,5813.0,AV,"AV160,AV194",,BOG,,02:20,14:20,,,1,,780,,True
2026-08-20 20:31,2026-08-20 17:31,17,Thu,VCP,MCO,2026-09-23,2026-09-29,RT,1,4990.0,0.0,isenta,4990.0,AD,AD8706,,,,09:55,18:00,,,0,,545,,True
2026-08-20 21:30,2026-08-20 18:30,18,Thu,GRU,MCO,2026-09-23,2026-09-29,RT,1,4036.0,760,estimativa,4796.0,CM,"CM841,CM446",,PTY,,02:00,12:45,,,1,,705,,True
2026-08-20 21:30,2026-08-20 18:30,18,Thu,GRU,MCO,2026-09-23,2026-09-29,RT,2,4149.0,760,estimativa,4909.0,CM,"CM700,CM285",,PTY,,11:10,22:40,,,1,,750,,True
2026-08-20 21:30,2026-08-20 18:30,18,Thu,GRU,MCO,2026-09-23,2026-09-29,RT,3,4540.0,760,estimativa,5300.0,AV,"AV160,AV28",,BOG,,02:20,13:35,,,1,,735,,True
2026-08-20 21:30,2026-08-20 18:30,18,Thu,GRU,MCO,2026-09-23,2026-09-29,RT,4,4873.0,760,estimativa,5633.0,CM,"CM702,CM867",,PTY,,03:15,13:44,,,1,,689,,True
2026-08-20 21:30,2026-08-20 18:30,18,Thu,GRU,MCO,2026-09-23,2026-09-29,RT,5,7126.0,760,estimativa,7886.0,LA,LA8126,,,,08:20,16:20,,,0,,540,,True
2026-08-20 21:30,2026-08-20 18:30,18,Thu,GRU,TPA,2026-09-23,2026-09-29,RT,1,2701.0,760,estimativa,3461.0,CM,"CM702,CM393",,PTY,,03:15,13:35,,,1,,680,,True
2026-08-20 21:30,2026-08-20 18:30,18,Thu,GRU,TPA,2026-09-23,2026-09-29,RT,2,2701.0,760,estimativa,3461.0,CM,"CM700,CM781",,PTY,,11:10,23:05,,,1,,775,,True
2026-08-20 21:30,2026-08-20 18:30,18,Thu,GRU,TPA,2026-09-23,2026-09-29,RT,3,3470.0,724.0,api-cache,4194.0,AA,"AA906,AA1977",,MIA,,23:15,09:24+1,,,1,,669,,True
2026-08-20 21:30,2026-08-20 18:30,18,Thu,GRU,TPA,2026-09-23,2026-09-29,RT,4,4933.0,880.0,api-cache-faixa,5813.0,AV,"AV160,AV194",,BOG,,02:20,14:20,,,1,,780,,True
2026-08-20 21:30,2026-08-20 18:30,18,Thu,VCP,MCO,2026-09-23,2026-09-29,RT,1,4990.0,0.0,isenta,4990.0,AD,AD8706,,,,09:55,18:00,,,0,,545,,True
2026-08-20 22:30,2026-08-20 19:30,19,Thu,GRU,MCO,2026-09-23,2026-09-29,RT,1,4036.0,760,estimativa,4796.0,CM,"CM841,CM446",,PTY,,02:00,12:45,,,1,,705,,True
2026-08-20 22:30,2026-08-20 19:30,19,Thu,GRU,MCO,2026-09-23,2026-09-29,RT,2,4149.0,760,estimativa,4909.0,CM,"CM700,CM285",,PTY,,11:10,22:40,,,1,,750,,True
2026-08-20 22:30,2026-08-20 19:30,19,Thu,GRU,MCO,2026-09-23,2026-09-29,RT,3,4540.0,760,estimativa,5300.0,AV,"AV160,AV28",,BOG,,02:20,13:35,,,1,,735,,True
2026-08-20 22:30,2026-08-20 19:30,19,Thu,GRU,MCO,2026-09-23,2026-09-29,RT,4,4562.0,760,estimativa,5322.0,G3,"G31454,G37634",,BSB,,06:00,16:30,,,1,,690,,True
2026-08-20 22:30,2026-08-20 19:30,19,Thu,GRU,MCO,2026-09-23,2026-09-29,RT,5,4873.0,760,estimativa,5633.0,CM,"CM702,CM867",,PTY,,03:15,13:44,,,1,,689,,True
2026-08-20 22:30,2026-08-20 19:30,19,Thu,GRU,TPA,2026-09-23,2026-09-29,RT,1,2701.0,760,estimativa,3461.0,CM,"CM702,CM393",,PTY,,03:15,13:35,,,1,,680,,True
2026-08-20 22:30,2026-08-20 19:30,19,Thu,GRU,TPA,2026-09-23,2026-09-29,RT,2,2701.0,760,estimativa,3461.0,CM,"CM700,CM781",,PTY,,11:10,23:05,,,1,,775,,True
2026-08-20 22:30,2026-08-20 19:30,19,Thu,GRU,TPA,2026-09-23,2026-09-29,RT,3,3470.0,724.0,api-cache,4194.0,AA,"AA906,AA1977",,MIA,,23:15,09:24+1,,,1,,669,,True
2026-08-20 22:30,2026-08-20 19:30,19,Thu,GRU,TPA,2026-09-23,2026-09-29,RT,4,4933.0,880.0,api-cache-faixa,5813.0,AV,"AV160,AV194",,BOG,,02:20,14:20,,,1,,780,,True
2026-08-20 22:30,2026-08-20 19:30,19,Thu,VCP,MCO,2026-09-23,2026-09-29,RT,1,4990.0,0.0,isenta,4990.0,AD,AD8706,,,,09:55,18:00,,,0,,545,,True
2026-08-20 23:27,2026-08-20 20:27,20,Thu,GRU,MCO,2026-09-23,2026-09-29,RT,1,4036.0,760,estimativa,4796.0,CM,"CM841,CM446",,PTY,,02:00,12:45,,,1,,705,,True
2026-08-20 23:27,2026-08-20 20:27,20,Thu,GRU,MCO,2026-09-23,2026-09-29,RT,2,4149.0,760,estimativa,4909.0,CM,"CM700,CM285",,PTY,,11:10,22:40,,,1,,750,,True
2026-08-20 23:27,2026-08-20 20:27,20,Thu,GRU,MCO,2026-09-23,2026-09-29,RT,3,4540.0,760,estimativa,5300.0,AV,"AV160,AV28",,BOG,,02:20,13:35,,,1,,735,,True
2026-08-20 23:27,2026-08-20 20:27,20,Thu,GRU,MCO,2026-09-23,2026-09-29,RT,4,4562.0,760,estimativa,5322.0,G3,"G31454,G37634",,BSB,,06:00,16:30,,,1,,690,,True
2026-08-20 23:27,2026-08-20 20:27,20,Thu,GRU,MCO,2026-09-23,2026-09-29,RT,5,4873.0,760,estimativa,5633.0,CM,"CM702,CM867",,PTY,,03:15,13:44,,,1,,689,,True
2026-08-20 23:27,2026-08-20 20:27,20,Thu,GRU,TPA,2026-09-23,2026-09-29,RT,1,2701.0,760,estimativa,3461.0,CM,"CM702,CM393",,PTY,,03:15,13:35,,,1,,680,,True
2026-08-20 23:27,2026-08-20 20:27,20,Thu,GRU,TPA,2026-09-23,2026-09-29,RT,2,2701.0,760,estimativa,3461.0,CM,"CM700,CM781",,PTY,,11:10,23:05,,,1,,775,,True
2026-08-20 23:27,2026-08-20 20:27,20,Thu,GRU,TPA,2026-09-23,2026-09-29,RT,3,3470.0,724.0,api-cache,4194.0,AA,"AA906,AA1977",,MIA,,23:15,09:24+1,,,1,,669,,True
2026-08-20 23:27,2026-08-20 20:27,20,Thu,GRU,TPA,2026-09-23,2026-09-29,RT,4,4933.0,880.0,api-cache-faixa,5813.0,AV,"AV160,AV194",,BOG,,02:20,14:20,,,1,,780,,True
2026-08-20 23:27,2026-08-20 20:27,20,Thu,VCP,MCO,2026-09-23,2026-09-29,RT,1,4990.0,0.0,isenta,4990.0,AD,AD8706,,,,09:55,18:00,,,0,,545,,True
2026-08-21 01:25,2026-08-20 22:25,22,Thu,GRU,MCO,2026-09-23,2026-09-29,RT,1,4036.0,760,estimativa,4796.0,CM,"CM841,CM446",,PTY,,02:00,12:45,,,1,,705,,True
2026-08-21 01:25,2026-08-20 22:25,22,Thu,GRU,MCO,2026-09-23,2026-09-29,RT,2,4149.0,760,estimativa,4909.0,CM,"CM700,CM285",,PTY,,11:10,22:40,,,1,,750,,True
2026-08-21 01:25,2026-08-20 22:25,22,Thu,GRU,MCO,2026-09-23,2026-09-29,RT,3,4798.0,760,estimativa,5558.0,AV,"AV160,AV28",,BOG,,02:20,13:35,,,1,,735,,True
2026-08-21 01:25,2026-08-20 22:25,22,Thu,GRU,MCO,2026-09-23,2026-09-29,RT,4,5970.0,760,estimativa,6730.0,CM,"CM702,CM867",,PTY,,03:15,13:44,,,1,,689,,True
2026-08-21 01:25,2026-08-20 22:25,22,Thu,GRU,MCO,2026-09-23,2026-09-29,RT,5,7126.0,760,estimativa,7886.0,LA,LA8126,,,,08:20,16:20,,,0,,540,,True
2026-08-21 01:25,2026-08-20 22:25,22,Thu,GRU,TPA,2026-09-23,2026-09-29,RT,1,2701.0,760,estimativa,3461.0,CM,"CM702,CM393",,PTY,,03:15,13:35,,,1,,680,,True
2026-08-21 01:25,2026-08-20 22:25,22,Thu,GRU,TPA,2026-09-23,2026-09-29,RT,2,2701.0,760,estimativa,3461.0,CM,"CM700,CM781",,PTY,,11:10,23:05,,,1,,775,,True
2026-08-21 01:25,2026-08-20 22:25,22,Thu,GRU,TPA,2026-09-23,2026-09-29,RT,3,3470.0,724.0,api-cache,4194.0,AA,"AA906,AA1977",,MIA,,23:15,09:24+1,,,1,,669,,True
2026-08-21 01:25,2026-08-20 22:25,22,Thu,GRU,TPA,2026-09-23,2026-09-29,RT,4,4933.0,880.0,api-cache-faixa,5813.0,AV,"AV160,AV194",,BOG,,02:20,14:20,,,1,,780,,True
2026-08-21 01:25,2026-08-20 22:25,22,Thu,VCP,MCO,2026-09-23,2026-09-29,RT,1,4990.0,0.0,isenta,4990.0,AD,AD8706,,,,09:55,18:00,,,0,,545,,True
2026-08-21 03:05,2026-08-21 00:05,0,Fri,GRU,MCO,2026-09-23,2026-09-29,RT,1,4047.0,760,estimativa,4807.0,CM,"CM841,CM446",,PTY,,02:00,12:45,,,1,,705,,True
2026-08-21 03:05,2026-08-21 00:05,0,Fri,GRU,MCO,2026-09-23,2026-09-29,RT,2,4161.0,760,estimativa,4921.0,CM,"CM700,CM285",,PTY,,11:10,22:40,,,1,,750,,True
2026-08-21 03:05,2026-08-21 00:05,0,Fri,GRU,MCO,2026-09-23,2026-09-29,RT,3,4812.0,760,estimativa,5572.0,AV,"AV160,AV28",,BOG,,02:20,13:35,,,1,,735,,True
2026-08-21 03:05,2026-08-21 00:05,0,Fri,GRU,MCO,2026-09-23,2026-09-29,RT,4,5160.0,728.0,api,5888.0,AA,"AA930,AA1693",,MIA,,21:25,08:00+1,,,1,,695,,True
2026-08-21 03:05,2026-08-21 00:05,0,Fri,GRU,MCO,2026-09-23,2026-09-29,RT,5,5986.0,760,estimativa,6746.0,CM,"CM702,CM867",,PTY,,03:15,13:44,,,1,,689,,True
2026-08-21 03:05,2026-08-21 00:05,0,Fri,GRU,TPA,2026-09-23,2026-09-29,RT,1,2709.0,760,estimativa,3469.0,CM,"CM702,CM393",,PTY,,03:15,13:35,,,1,,680,,True
2026-08-21 03:05,2026-08-21 00:05,0,Fri,GRU,TPA,2026-09-23,2026-09-29,RT,2,2709.0,760,estimativa,3469.0,CM,"CM700,CM781",,PTY,,11:10,23:05,,,1,,775,,True
2026-08-21 03:05,2026-08-21 00:05,0,Fri,GRU,TPA,2026-09-23,2026-09-29,RT,3,3480.0,724.0,api-cache,4204.0,AA,"AA906,AA1977",,MIA,,23:15,09:24+1,,,1,,669,,True
2026-08-21 03:05,2026-08-21 00:05,0,Fri,GRU,TPA,2026-09-23,2026-09-29,RT,4,4947.0,880.0,api-cache-faixa,5827.0,AV,"AV160,AV194",,BOG,,02:20,14:20,,,1,,780,,True
2026-08-21 03:05,2026-08-21 00:05,0,Fri,VCP,MCO,2026-09-23,2026-09-29,RT,1,5005.0,0.0,isenta,5005.0,AD,AD8706,,,,09:55,18:00,,,0,,545,,True
2026-08-21 04:41,2026-08-21 01:41,1,Fri,GRU,MCO,2026-09-23,2026-09-29,RT,1,4047.0,760,estimativa,4807.0,CM,"CM841,CM446",,PTY,,02:00,12:45,,,1,,705,,True
2026-08-21 04:41,2026-08-21 01:41,1,Fri,GRU,MCO,2026-09-23,2026-09-29,RT,2,4161.0,760,estimativa,4921.0,CM,"CM700,CM285",,PTY,,11:10,22:40,,,1,,750,,True
2026-08-21 04:41,2026-08-21 01:41,1,Fri,GRU,MCO,2026-09-23,2026-09-29,RT,3,4812.0,760,estimativa,5572.0,AV,"AV160,AV28",,BOG,,02:20,13:35,,,1,,735,,True
2026-08-21 04:41,2026-08-21 01:41,1,Fri,GRU,MCO,2026-09-23,2026-09-29,RT,4,5160.0,728.0,api-cache,5888.0,AA,"AA930,AA1693",,MIA,,21:25,08:00+1,,,1,,695,,True
2026-08-21 04:41,2026-08-21 01:41,1,Fri,GRU,MCO,2026-09-23,2026-09-29,RT,5,5986.0,760,estimativa,6746.0,CM,"CM702,CM867",,PTY,,03:15,13:44,,,1,,689,,True
2026-08-21 04:41,2026-08-21 01:41,1,Fri,GRU,TPA,2026-09-23,2026-09-29,RT,1,2709.0,760,estimativa,3469.0,CM,"CM702,CM393",,PTY,,03:15,13:35,,,1,,680,,True
2026-08-21 04:41,2026-08-21 01:41,1,Fri,GRU,TPA,2026-09-23,2026-09-29,RT,2,2709.0,760,estimativa,3469.0,CM,"CM700,CM781",,PTY,,11:10,23:05,,,1,,775,,True
2026-08-21 04:41,2026-08-21 01:41,1,Fri,GRU,TPA,2026-09-23,2026-09-29,RT,3,3480.0,724.0,api-cache,4204.0,AA,"AA906,AA1977",,MIA,,23:15,09:24+1,,,1,,669,,True
2026-08-21 04:41,2026-08-21 01:41,1,Fri,GRU,TPA,2026-09-23,2026-09-29,RT,4,4947.0,880.0,api-cache-faixa,5827.0,AV,"AV160,AV194",,BOG,,02:20,14:20,,,1,,780,,True
2026-08-21 04:41,2026-08-21 01:41,1,Fri,VCP,MCO,2026-09-23,2026-09-29,RT,1,5005.0,0.0,isenta,5005.0,AD,AD8706,,,,09:55,18:00,,,0,,545,,True
2026-08-21 05:35,2026-08-21 02:35,2,Fri,GRU,MCO,2026-09-23,2026-09-29,RT,1,4047.0,760,estimativa,4807.0,CM,"CM841,CM446",,PTY,,02:00,12:45,,,1,,705,,True
2026-08-21 05:35,2026-08-21 02:35,2,Fri,GRU,MCO,2026-09-23,2026-09-29,RT,2,4161.0,760,estimativa,4921.0,CM,"CM700,CM285",,PTY,,11:10,22:40,,,1,,750,,True
2026-08-21 05:35,2026-08-21 02:35,2,Fri,GRU,MCO,2026-09-23,2026-09-29,RT,3,4812.0,760,estimativa,5572.0,AV,"AV160,AV28",,BOG,,02:20,13:35,,,1,,735,,True
2026-08-21 05:35,2026-08-21 02:35,2,Fri,GRU,MCO,2026-09-23,2026-09-29,RT,4,5160.0,728.0,api-cache,5888.0,AA,"AA930,AA1693",,MIA,,21:25,08:00+1,,,1,,695,,True
2026-08-21 05:35,2026-08-21 02:35,2,Fri,GRU,MCO,2026-09-23,2026-09-29,RT,5,5986.0,760,estimativa,6746.0,CM,"CM702,CM867",,PTY,,03:15,13:44,,,1,,689,,True
2026-08-21 05:35,2026-08-21 02:35,2,Fri,GRU,TPA,2026-09-23,2026-09-29,RT,1,2709.0,760,estimativa,3469.0,CM,"CM702,CM393",,PTY,,03:15,13:35,,,1,,680,,True
2026-08-21 05:35,2026-08-21 02:35,2,Fri,GRU,TPA,2026-09-23,2026-09-29,RT,2,2709.0,760,estimativa,3469.0,CM,"CM700,CM781",,PTY,,11:10,23:05,,,1,,775,,True
2026-08-21 05:35,2026-08-21 02:35,2,Fri,GRU,TPA,2026-09-23,2026-09-29,RT,3,3480.0,724.0,api-cache,4204.0,AA,"AA906,AA1977",,MIA,,23:15,09:24+1,,,1,,669,,True
2026-08-21 05:35,2026-08-21 02:35,2,Fri,GRU,TPA,2026-09-23,2026-09-29,RT,4,4947.0,880.0,api-cache-faixa,5827.0,AV,"AV160,AV194",,BOG,,02:20,14:20,,,1,,780,,True
2026-08-21 05:35,2026-08-21 02:35,2,Fri,VCP,MCO,2026-09-23,2026-09-29,RT,1,5005.0,0.0,isenta,5005.0,AD,AD8706,,,,09:55,18:00,,,0,,545,,True
2026-08-21 06:51,2026-08-21 03:51,3,Fri,GRU,MCO,2026-09-23,2026-09-29,RT,1,4047.0,760,estimativa,4807.0,CM,"CM841,CM446",,PTY,,02:00,12:45,,,1,,705,,True
2026-08-21 06:51,2026-08-21 03:51,3,Fri,GRU,MCO,2026-09-23,2026-09-29,RT,2,4161.0,760,estimativa,4921.0,CM,"CM700,CM285",,PTY,,11:10,22:40,,,1,,750,,True
2026-08-21 06:51,2026-08-21 03:51,3,Fri,GRU,MCO,2026-09-23,2026-09-29,RT,3,4812.0,760,estimativa,5572.0,AV,"AV160,AV28",,BOG,,02:20,13:35,,,1,,735,,True
2026-08-21 06:51,2026-08-21 03:51,3,Fri,GRU,MCO,2026-09-23,2026-09-29,RT,4,5986.0,760,estimativa,6746.0,CM,"CM702,CM867",,PTY,,03:15,13:44,,,1,,689,,True
2026-08-21 06:51,2026-08-21 03:51,3,Fri,GRU,MCO,2026-09-23,2026-09-29,RT,5,7146.0,760,estimativa,7906.0,LA,LA8126,,,,08:20,16:20,,,0,,540,,True
2026-08-21 06:51,2026-08-21 03:51,3,Fri,GRU,TPA,2026-09-23,2026-09-29,RT,1,2709.0,760,estimativa,3469.0,CM,"CM702,CM393",,PTY,,03:15,13:35,,,1,,680,,True
2026-08-21 06:51,2026-08-21 03:51,3,Fri,GRU,TPA,2026-09-23,2026-09-29,RT,2,2709.0,760,estimativa,3469.0,CM,"CM700,CM781",,PTY,,11:10,23:05,,,1,,775,,True
2026-08-21 06:51,2026-08-21 03:51,3,Fri,GRU,TPA,2026-09-23,2026-09-29,RT,3,3480.0,724.0,api-cache,4204.0,AA,"AA906,AA1977",,MIA,,23:15,09:24+1,,,1,,669,,True
2026-08-21 06:51,2026-08-21 03:51,3,Fri,GRU,TPA,2026-09-23,2026-09-29,RT,4,4947.0,880.0,api-cache-faixa,5827.0,AV,"AV160,AV194",,BOG,,02:20,14:20,,,1,,780,,True
2026-08-21 06:51,2026-08-21 03:51,3,Fri,VCP,MCO,2026-09-23,2026-09-29,RT,1,5005.0,0.0,isenta,5005.0,AD,AD8706,,,,09:55,18:00,,,0,,545,,True
2026-08-21 07:44,2026-08-21 04:44,4,Fri,GRU,MCO,2026-09-23,2026-09-29,RT,1,4047.0,760,estimativa,4807.0,CM,"CM841,CM446",,PTY,,02:00,12:45,,,1,,705,,True
2026-08-21 07:44,2026-08-21 04:44,4,Fri,GRU,MCO,2026-09-23,2026-09-29,RT,2,4161.0,760,estimativa,4921.0,CM,"CM700,CM285",,PTY,,11:10,22:40,,,1,,750,,True
2026-08-21 07:44,2026-08-21 04:44,4,Fri,GRU,MCO,2026-09-23,2026-09-29,RT,3,4812.0,760,estimativa,5572.0,AV,"AV160,AV28",,BOG,,02:20,13:35,,,1,,735,,True
2026-08-21 07:44,2026-08-21 04:44,4,Fri,GRU,MCO,2026-09-23,2026-09-29,RT,4,5986.0,760,estimativa,6746.0,CM,"CM702,CM867",,PTY,,03:15,13:44,,,1,,689,,True
2026-08-21 07:44,2026-08-21 04:44,4,Fri,GRU,MCO,2026-09-23,2026-09-29,RT,5,7146.0,760,estimativa,7906.0,LA,LA8126,,,,08:20,16:20,,,0,,540,,True
2026-08-21 07:44,2026-08-21 04:44,4,Fri,GRU,TPA,2026-09-23,2026-09-29,RT,1,2709.0,760,estimativa,3469.0,CM,"CM702,CM393",,PTY,,03:15,13:35,,,1,,680,,True
2026-08-21 07:44,2026-08-21 04:44,4,Fri,GRU,TPA,2026-09-23,2026-09-29,RT,2,2709.0,760,estimativa,3469.0,CM,"CM700,CM781",,PTY,,11:10,23:05,,,1,,775,,True
2026-08-21 07:44,2026-08-21 04:44,4,Fri,GRU,TPA,2026-09-23,2026-09-29,RT,3,3480.0,724.0,api-cache,4204.0,AA,"AA906,AA1977",,MIA,,23:15,09:24+1,,,1,,669,,True
2026-08-21 07:44,2026-08-21 04:44,4,Fri,GRU,TPA,2026-09-23,2026-09-29,RT,4,4947.0,880.0,api-cache-faixa,5827.0,AV,"AV160,AV194",,BOG,,02:20,14:20,,,1,,780,,True
2026-08-21 07:44,2026-08-21 04:44,4,Fri,VCP,MCO,2026-09-23,2026-09-29,RT,1,5005.0,0.0,isenta,5005.0,AD,AD8706,,,,09:55,18:00,,,0,,545,,True
2026-08-21 08:42,2026-08-21 05:42,5,Fri,GRU,MCO,2026-09-23,2026-09-29,RT,1,4047.0,760,estimativa,4807.0,CM,"CM841,CM446",,PTY,,02:00,12:45,,,1,,705,,True
2026-08-21 08:42,2026-08-21 05:42,5,Fri,GRU,MCO,2026-09-23,2026-09-29,RT,2,4161.0,760,estimativa,4921.0,CM,"CM700,CM285",,PTY,,11:10,22:40,,,1,,750,,True
2026-08-21 08:42,2026-08-21 05:42,5,Fri,GRU,MCO,2026-09-23,2026-09-29,RT,3,4812.0,760,estimativa,5572.0,AV,"AV160,AV28",,BOG,,02:20,13:35,,,1,,735,,True
2026-08-21 08:42,2026-08-21 05:42,5,Fri,GRU,MCO,2026-09-23,2026-09-29,RT,4,5986.0,760,estimativa,6746.0,CM,"CM702,CM867",,PTY,,03:15,13:44,,,1,,689,,True
2026-08-21 08:42,2026-08-21 05:42,5,Fri,GRU,MCO,2026-09-23,2026-09-29,RT,5,7146.0,760,estimativa,7906.0,LA,LA8126,,,,08:20,16:20,,,0,,540,,True
2026-08-21 08:42,2026-08-21 05:42,5,Fri,GRU,TPA,2026-09-23,2026-09-29,RT,1,2709.0,760,estimativa,3469.0,CM,"CM702,CM393",,PTY,,03:15,13:35,,,1,,680,,True
2026-08-21 08:42,2026-08-21 05:42,5,Fri,GRU,TPA,2026-09-23,2026-09-29,RT,2,2709.0,760,estimativa,3469.0,CM,"CM700,CM781",,PTY,,11:10,23:05,,,1,,775,,True
2026-08-21 08:42,2026-08-21 05:42,5,Fri,GRU,TPA,2026-09-23,2026-09-29,RT,3,3480.0,724.0,api-cache,4204.0,AA,"AA906,AA1977",,MIA,,23:15,09:24+1,,,1,,669,,True
2026-08-21 08:42,2026-08-21 05:42,5,Fri,GRU,TPA,2026-09-23,2026-09-29,RT,4,4947.0,880.0,api-cache-faixa,5827.0,AV,"AV160,AV194",,BOG,,02:20,14:20,,,1,,780,,True
2026-08-21 08:42,2026-08-21 05:42,5,Fri,VCP,MCO,2026-09-23,2026-09-29,RT,1,5005.0,0.0,isenta,5005.0,AD,AD8706,,,,09:55,18:00,,,0,,545,,True
